cluster,most_likely_position,position_percentage
0,Wing G,18.91891891891892
1,Wing G,21.73913043478261
2,Wing G,29.629629629629626
